algorithm;timed out;problem instance;average probability of being unavailable at any given time slot;constraint violation cost;formulation;maximum random cost of being unavailable at any given time slot;number of agents;number of agents per meeting;number of meetings;number of time slots;target probability of being unavailable at any given time slot;NCCCs;simulated time (in ms);number of messages;total message size (in bytes);maximum message size (in bytes);induced treewidth;reported cost;true cost
DPOP;0;randomMeetingScheduling_1548911016061;0.0;infinity;PEAV;null;3;2;1;8;0.0;0;26;8;2000;463;1;0;0
P-DPOP;0;randomMeetingScheduling_1548911016061;0.0;infinity;PEAV;null;3;2;1;8;0.0;0;39;905;16265;811;1;0;0
DPOP;0;randomMeetingScheduling_1548911016688;0.0;infinity;PEAV;null;3;2;2;8;0.0;0;27;16;4014;465;1;0;0
P-DPOP;0;randomMeetingScheduling_1548911016688;0.0;infinity;PEAV;null;3;2;2;8;0.0;0;51;1810;32460;814;1;0;0
DPOP;0;randomMeetingScheduling_1548911017395;0.0;infinity;PEAV;null;3;2;3;8;0.0;0;42;24;7542;1234;2;0;0
P-DPOP;0;randomMeetingScheduling_1548911017395;0.0;infinity;PEAV;null;3;2;3;8;0.0;0;60;2715;53822;2532;2;0;0
DPOP;0;randomMeetingScheduling_1548911018200;0.0;infinity;PEAV;null;3;2;4;8;0.0;0;55;26;12795;5691;3;0;0
P-DPOP;0;randomMeetingScheduling_1548911018200;0.0;infinity;PEAV;null;3;2;4;8;0.0;0;134;3616;86447;14421;3;0;0
DPOP;0;randomMeetingScheduling_1548911019231;0.0;infinity;PEAV;null;3;2;5;8;0.0;0;269;26;452623;231561;5;0;0
P-DPOP;1;randomMeetingScheduling_1548911019231;0.0;infinity;PEAV;null;3;2;5;8;0.0;9223372036854775807;9223372036854775807;2147483647;9223372036854775807;9223372036854775807;2147483647;NaN;NaN
DPOP;0;randomMeetingScheduling_1548911134551;0.0;infinity;PEAV;null;3;2;6;8;0.0;0;267;26;354171;314893;5;0;0
P-DPOP;0;randomMeetingScheduling_1548911134551;0.0;infinity;PEAV;null;3;2;6;8;0.0;0;19724;5422;786914;634995;5;0;0
DPOP;0;randomMeetingScheduling_1548911158197;0.0;infinity;PEAV;null;3;2;1;8;0.0;0;25;8;2002;465;1;0;0
P-DPOP;0;randomMeetingScheduling_1548911158197;0.0;infinity;PEAV;null;3;2;1;8;0.0;0;38;905;16215;811;1;0;0
DPOP;0;randomMeetingScheduling_1548911158799;0.0;infinity;PEAV;null;3;2;2;8;0.0;0;33;13;3527;1170;2;0;0
P-DPOP;0;randomMeetingScheduling_1548911158799;0.0;infinity;PEAV;null;3;2;2;8;0.0;0;62;1810;34514;2429;2;0;0
DPOP;0;randomMeetingScheduling_1548911159504;0.0;infinity;PEAV;null;3;2;3;8;0.0;0;33;18;4936;1170;2;0;0
P-DPOP;0;randomMeetingScheduling_1548911159504;0.0;infinity;PEAV;null;3;2;3;8;0.0;0;74;2715;50857;2418;2;0;0
DPOP;0;randomMeetingScheduling_1548911160305;0.0;infinity;PEAV;null;3;2;4;8;0.0;0;42;20;5860;1170;2;0;0
P-DPOP;0;randomMeetingScheduling_1548911160305;0.0;infinity;PEAV;null;3;2;4;8;0.0;0;140;3618;212987;88224;4;0;0
DPOP;0;randomMeetingScheduling_1548911161294;0.0;infinity;PEAV;null;3;2;5;8;0.0;0;39;22;10518;5689;3;0;0
P-DPOP;0;randomMeetingScheduling_1548911161294;0.0;infinity;PEAV;null;3;2;5;8;0.0;0;567;4521;496851;332491;5;0;0
DPOP;0;randomMeetingScheduling_1548911162801;0.0;infinity;PEAV;null;3;2;6;8;0.0;0;278;33;284040;271883;5;0;0
P-DPOP;1;randomMeetingScheduling_1548911162801;0.0;infinity;PEAV;null;3;2;6;8;0.0;9223372036854775807;9223372036854775807;2147483647;9223372036854775807;9223372036854775807;2147483647;NaN;NaN
DPOP;0;randomMeetingScheduling_1548911239709;0.0;infinity;PEAV;null;3;2;1;8;0.0;0;26;8;2000;463;1;0;0
P-DPOP;0;randomMeetingScheduling_1548911239709;0.0;infinity;PEAV;null;3;2;1;8;0.0;0;38;905;16233;810;1;0;0
DPOP;0;randomMeetingScheduling_1548911240336;0.0;infinity;PEAV;null;3;2;2;8;0.0;0;33;13;3527;1168;2;0;0
P-DPOP;0;randomMeetingScheduling_1548911240336;0.0;infinity;PEAV;null;3;2;2;8;0.0;0;53;1810;34532;2418;2;0;0
DPOP;0;randomMeetingScheduling_1548911241040;0.0;infinity;PEAV;null;3;2;3;8;0.0;0;41;24;7542;1234;2;0;0
P-DPOP;0;randomMeetingScheduling_1548911241040;0.0;infinity;PEAV;null;3;2;3;8;0.0;0;72;2713;50974;2532;2;0;0
DPOP;0;randomMeetingScheduling_1548911241856;0.0;infinity;PEAV;null;3;2;4;8;0.0;0;53;26;12791;5689;3;0;0
P-DPOP;0;randomMeetingScheduling_1548911241856;0.0;infinity;PEAV;null;3;2;4;8;0.0;0;163;3618;174027;99485;4;0;0
DPOP;0;randomMeetingScheduling_1548911242893;0.0;infinity;PEAV;null;3;2;5;8;0.0;0;76;22;10516;5689;3;0;0
P-DPOP;0;randomMeetingScheduling_1548911242893;0.0;infinity;PEAV;null;3;2;5;8;0.0;0;434;4523;1018051;500479;5;0;0
DPOP;0;randomMeetingScheduling_1548911244421;0.0;infinity;PEAV;null;3;2;6;8;0.0;0;244;26;325436;314891;5;0;0
P-DPOP;0;randomMeetingScheduling_1548911244421;0.0;infinity;PEAV;null;3;2;6;8;0.0;0;20232;5422;735109;634994;5;0;0
DPOP;0;randomMeetingScheduling_1548911268278;0.0;infinity;PEAV;null;3;2;1;8;0.0;0;24;8;2002;465;1;0;0
P-DPOP;0;randomMeetingScheduling_1548911268278;0.0;infinity;PEAV;null;3;2;1;8;0.0;0;39;905;16151;809;1;0;0
DPOP;0;randomMeetingScheduling_1548911268905;0.0;infinity;PEAV;null;3;2;2;8;0.0;0;37;13;3531;1170;2;0;0
P-DPOP;0;randomMeetingScheduling_1548911268905;0.0;infinity;PEAV;null;3;2;2;8;0.0;0;65;1808;31921;2328;2;0;0
DPOP;0;randomMeetingScheduling_1548911269644;0.0;infinity;PEAV;null;3;2;3;8;0.0;0;56;17;9074;5689;3;0;0
P-DPOP;0;randomMeetingScheduling_1548911269644;0.0;infinity;PEAV;null;3;2;3;8;0.0;0;144;2715;157120;99473;4;0;0
DPOP;0;randomMeetingScheduling_1548911270561;0.0;infinity;PEAV;null;3;2;4;8;0.0;0;43;20;9590;5689;3;0;0
P-DPOP;0;randomMeetingScheduling_1548911270561;0.0;infinity;PEAV;null;3;2;4;8;0.0;0;226;3620;173411;99485;4;0;0
DPOP;0;randomMeetingScheduling_1548911271692;0.0;infinity;PEAV;null;3;2;5;8;0.0;0;118;30;89320;42466;4;0;0
P-DPOP;0;randomMeetingScheduling_1548911271692;0.0;infinity;PEAV;null;3;2;5;8;0.0;0;645;4521;325918;99486;4;0;0
DPOP;0;randomMeetingScheduling_1548911273512;0.0;infinity;PEAV;null;3;2;6;8;0.0;0;286;26;354171;314893;5;0;0
P-DPOP;0;randomMeetingScheduling_1548911273512;0.0;infinity;PEAV;null;3;2;6;8;0.0;0;25237;5424;5238149;5074615;6;0;0
DPOP;0;randomMeetingScheduling_1548911303230;0.0;infinity;PEAV;null;3;2;1;8;0.0;0;25;8;2002;465;1;0;0
P-DPOP;0;randomMeetingScheduling_1548911303230;0.0;infinity;PEAV;null;3;2;1;8;0.0;0;37;905;16213;810;1;0;0
DPOP;0;randomMeetingScheduling_1548911303844;0.0;infinity;PEAV;null;3;2;2;8;0.0;0;31;16;4014;465;1;0;0
P-DPOP;0;randomMeetingScheduling_1548911303844;0.0;infinity;PEAV;null;3;2;2;8;0.0;0;53;1810;32416;812;1;0;0
DPOP;0;randomMeetingScheduling_1548911304534;0.0;infinity;PEAV;null;3;2;3;8;0.0;0;39;20;6725;1232;2;0;0
P-DPOP;0;randomMeetingScheduling_1548911304534;0.0;infinity;PEAV;null;3;2;3;8;0.0;0;62;2713;50979;2532;2;0;0
DPOP;0;randomMeetingScheduling_1548911305344;0.0;infinity;PEAV;null;3;2;4;8;0.0;0;44;20;9598;5689;3;0;0
P-DPOP;0;randomMeetingScheduling_1548911305344;0.0;infinity;PEAV;null;3;2;4;8;0.0;0;374;3618;758359;634891;5;0;0
DPOP;0;randomMeetingScheduling_1548911306673;0.0;infinity;PEAV;null;3;2;5;8;0.0;0;56;22;10516;5689;3;0;0
P-DPOP;0;randomMeetingScheduling_1548911306673;0.0;infinity;PEAV;null;3;2;5;8;0.0;0;1405;4519;87157;11623;3;0;0
DPOP;0;randomMeetingScheduling_1548911309010;0.0;infinity;PEAV;null;3;2;6;8;0.0;0;257;31;258942;218125;5;0;0
P-DPOP;0;randomMeetingScheduling_1548911309010;0.0;infinity;PEAV;null;3;2;6;8;0.0;0;19853;5422;591214;500595;5;0;0
DPOP;0;randomMeetingScheduling_1548911331409;0.0;infinity;PEAV;null;3;2;1;8;0.0;0;25;8;2002;465;1;0;0
P-DPOP;0;randomMeetingScheduling_1548911331409;0.0;infinity;PEAV;null;3;2;1;8;0.0;0;42;905;16137;812;1;0;0
DPOP;0;randomMeetingScheduling_1548911332026;0.0;infinity;PEAV;null;3;2;2;8;0.0;0;35;13;3527;1170;2;0;0
P-DPOP;0;randomMeetingScheduling_1548911332026;0.0;infinity;PEAV;null;3;2;2;8;0.0;0;53;1810;34531;2432;2;0;0
DPOP;0;randomMeetingScheduling_1548911332731;0.0;infinity;PEAV;null;3;2;3;8;0.0;0;35;18;4938;1168;2;0;0
P-DPOP;0;randomMeetingScheduling_1548911332731;0.0;infinity;PEAV;null;3;2;3;8;0.0;0;62;2713;48015;2327;2;0;0
DPOP;0;randomMeetingScheduling_1548911333541;0.0;infinity;PEAV;null;3;2;4;8;0.0;0;58;27;12890;5689;3;0;0
P-DPOP;0;randomMeetingScheduling_1548911333541;0.0;infinity;PEAV;null;3;2;4;8;0.0;0;132;3618;89398;14423;3;0;0
DPOP;0;randomMeetingScheduling_1548911334564;0.0;infinity;PEAV;null;3;2;5;8;0.0;0;112;27;46186;34404;4;0;0
P-DPOP;0;randomMeetingScheduling_1548911334564;0.0;infinity;PEAV;null;3;2;5;8;0.0;0;1157;4523;5350494;5074616;6;0;0
DPOP;0;randomMeetingScheduling_1548911337057;0.0;infinity;PEAV;null;3;2;6;8;0.0;0;97;24;39370;34402;4;0;0
P-DPOP;0;randomMeetingScheduling_1548911337057;0.0;infinity;PEAV;null;3;2;6;8;0.0;0;44225;5422;152748;63190;4;0;0
DPOP;0;randomMeetingScheduling_1548911382619;0.0;infinity;PEAV;null;3;2;1;8;0.0;0;25;8;2000;463;1;0;0
P-DPOP;0;randomMeetingScheduling_1548911382619;0.0;infinity;PEAV;null;3;2;1;8;0.0;0;37;905;16221;814;1;0;0
DPOP;0;randomMeetingScheduling_1548911383229;0.0;infinity;PEAV;null;3;2;2;8;0.0;0;27;16;4014;465;1;0;0
P-DPOP;0;randomMeetingScheduling_1548911383229;0.0;infinity;PEAV;null;3;2;2;8;0.0;0;50;1810;32528;812;1;0;0
DPOP;0;randomMeetingScheduling_1548911383909;0.0;infinity;PEAV;null;3;2;3;8;0.0;0;32;18;4940;1170;2;0;0
P-DPOP;0;randomMeetingScheduling_1548911383909;0.0;infinity;PEAV;null;3;2;3;8;0.0;0;80;2715;50719;2421;2;0;0
DPOP;0;randomMeetingScheduling_1548911384812;0.0;infinity;PEAV;null;3;2;4;8;0.0;0;41;20;5860;1170;2;0;0
P-DPOP;0;randomMeetingScheduling_1548911384812;0.0;infinity;PEAV;null;3;2;4;8;0.0;0;214;3616;63889;2332;2;0;0
DPOP;0;randomMeetingScheduling_1548911385857;0.0;infinity;PEAV;null;3;2;5;8;0.0;0;75;22;38450;34402;4;0;0
P-DPOP;0;randomMeetingScheduling_1548911385857;0.0;infinity;PEAV;null;3;2;5;8;0.0;0;725;4521;237030;99458;4;0;0
DPOP;0;randomMeetingScheduling_1548911387575;0.0;infinity;PEAV;null;3;2;6;8;0.0;0;314;26;354171;314893;5;0;0
P-DPOP;0;randomMeetingScheduling_1548911387575;0.0;infinity;PEAV;null;3;2;6;8;0.0;0;2049;5422;188484;88382;4;0;0
DPOP;0;randomMeetingScheduling_1548911393757;0.0;infinity;PEAV;null;3;2;1;8;0.0;0;25;8;2000;463;1;0;0
P-DPOP;0;randomMeetingScheduling_1548911393757;0.0;infinity;PEAV;null;3;2;1;8;0.0;0;39;905;16245;811;1;0;0
DPOP;0;randomMeetingScheduling_1548911394472;0.0;infinity;PEAV;null;3;2;2;8;0.0;0;33;16;4012;463;1;0;0
P-DPOP;0;randomMeetingScheduling_1548911394472;0.0;infinity;PEAV;null;3;2;2;8;0.0;0;46;1810;32438;810;1;0;0
DPOP;0;randomMeetingScheduling_1548911395184;0.0;infinity;PEAV;null;3;2;3;8;0.0;0;34;24;7538;1234;2;0;0
P-DPOP;0;randomMeetingScheduling_1548911395184;0.0;infinity;PEAV;null;3;2;3;8;0.0;0;59;2715;53766;2533;2;0;0
DPOP;0;randomMeetingScheduling_1548911395978;0.0;infinity;PEAV;null;3;2;4;8;0.0;0;61;25;18324;6587;3;0;0
P-DPOP;0;randomMeetingScheduling_1548911395978;0.0;infinity;PEAV;null;3;2;4;8;0.0;0;133;3616;74403;11586;3;0;0
DPOP;0;randomMeetingScheduling_1548911396969;0.0;infinity;PEAV;null;3;2;5;8;0.0;0;91;24;48319;42468;4;0;0
P-DPOP;0;randomMeetingScheduling_1548911396969;0.0;infinity;PEAV;null;3;2;5;8;0.0;0;880;4523;253581;110685;4;0;0
DPOP;0;randomMeetingScheduling_1548911398956;0.0;infinity;PEAV;null;3;2;6;8;0.0;0;54;24;15178;5691;3;0;0
P-DPOP;0;randomMeetingScheduling_1548911398956;0.0;infinity;PEAV;null;3;2;6;8;0.0;0;19751;5422;110402;11611;3;0;0
DPOP;0;randomMeetingScheduling_1548911419706;0.0;infinity;PEAV;null;3;2;1;8;0.0;0;25;8;2000;463;1;0;0
P-DPOP;0;randomMeetingScheduling_1548911419706;0.0;infinity;PEAV;null;3;2;1;8;0.0;0;38;905;16231;814;1;0;0
DPOP;0;randomMeetingScheduling_1548911420434;0.0;infinity;PEAV;null;3;2;2;8;0.0;0;26;16;4016;465;1;0;0
P-DPOP;0;randomMeetingScheduling_1548911420434;0.0;infinity;PEAV;null;3;2;2;8;0.0;0;52;1810;32604;810;1;0;0
DPOP;0;randomMeetingScheduling_1548911421126;0.0;infinity;PEAV;null;3;2;3;8;0.0;0;39;24;7542;1232;2;0;0
P-DPOP;0;randomMeetingScheduling_1548911421126;0.0;infinity;PEAV;null;3;2;3;8;0.0;0;72;2715;53557;2540;2;0;0
DPOP;0;randomMeetingScheduling_1548911421939;0.0;infinity;PEAV;null;3;2;4;8;0.0;0;35;20;5860;1170;2;0;0
P-DPOP;0;randomMeetingScheduling_1548911421939;0.0;infinity;PEAV;null;3;2;4;8;0.0;0;141;3616;63756;2334;2;0;0
DPOP;0;randomMeetingScheduling_1548911422906;0.0;infinity;PEAV;null;3;2;5;8;0.0;0;65;22;10518;5689;3;0;0
P-DPOP;0;randomMeetingScheduling_1548911422906;0.0;infinity;PEAV;null;3;2;5;8;0.0;0;1067;4523;3838983;3663415;6;0;0
DPOP;0;randomMeetingScheduling_1548911425143;0.0;infinity;PEAV;null;3;2;6;8;0.0;0;243;26;325434;314891;5;0;0
P-DPOP;0;randomMeetingScheduling_1548911425143;0.0;infinity;PEAV;null;3;2;6;8;0.0;0;3631;5428;6601358;5701914;6;0;0
DPOP;0;randomMeetingScheduling_1548911432848;0.0;infinity;PEAV;null;3;2;1;8;0.0;0;25;8;2000;463;1;0;0
P-DPOP;0;randomMeetingScheduling_1548911432848;0.0;infinity;PEAV;null;3;2;1;8;0.0;0;39;905;16199;813;1;0;0
DPOP;0;randomMeetingScheduling_1548911433490;0.0;infinity;PEAV;null;3;2;2;8;0.0;0;35;13;3531;1170;2;0;0
P-DPOP;0;randomMeetingScheduling_1548911433490;0.0;infinity;PEAV;null;3;2;2;8;0.0;0;53;1808;31829;2338;2;0;0
DPOP;0;randomMeetingScheduling_1548911434202;0.0;infinity;PEAV;null;3;2;3;8;0.0;0;35;24;7538;1234;2;0;0
P-DPOP;0;randomMeetingScheduling_1548911434202;0.0;infinity;PEAV;null;3;2;3;8;0.0;0;67;2713;50962;2528;2;0;0
DPOP;0;randomMeetingScheduling_1548911434985;0.0;infinity;PEAV;null;3;2;4;8;0.0;0;51;22;12297;6587;3;0;0
P-DPOP;0;randomMeetingScheduling_1548911434985;0.0;infinity;PEAV;null;3;2;4;8;0.0;0;128;3616;77035;14408;3;0;0
DPOP;0;randomMeetingScheduling_1548911436009;0.0;infinity;PEAV;null;3;2;5;8;0.0;0;84;22;38452;34404;4;0;0
P-DPOP;0;randomMeetingScheduling_1548911436009;0.0;infinity;PEAV;null;3;2;5;8;0.0;0;1255;4523;239185;99468;4;0;0
DPOP;0;randomMeetingScheduling_1548911438417;0.0;infinity;PEAV;null;3;2;6;8;0.0;0;246;26;325436;314893;5;0;0
P-DPOP;0;randomMeetingScheduling_1548911438417;0.0;infinity;PEAV;null;3;2;6;8;0.0;0;2942;5424;168753;63190;4;0;0
DPOP;0;randomMeetingScheduling_1548911444924;0.0;infinity;PEAV;null;3;2;1;8;0.0;0;25;8;2000;463;1;0;0
P-DPOP;0;randomMeetingScheduling_1548911444924;0.0;infinity;PEAV;null;3;2;1;8;0.0;0;39;905;16251;809;1;0;0
DPOP;0;randomMeetingScheduling_1548911445542;0.0;infinity;PEAV;null;3;2;2;8;0.0;0;27;16;4016;465;1;0;0
P-DPOP;0;randomMeetingScheduling_1548911445542;0.0;infinity;PEAV;null;3;2;2;8;0.0;0;46;1810;32410;811;1;0;0
DPOP;0;randomMeetingScheduling_1548911446222;0.0;infinity;PEAV;null;3;2;3;8;0.0;0;33;18;4934;1170;2;0;0
P-DPOP;0;randomMeetingScheduling_1548911446222;0.0;infinity;PEAV;null;3;2;3;8;0.0;0;67;2713;48039;2333;2;0;0
DPOP;0;randomMeetingScheduling_1548911447048;0.0;infinity;PEAV;null;3;2;4;8;0.0;0;36;20;9600;5691;3;0;0
P-DPOP;0;randomMeetingScheduling_1548911447048;0.0;infinity;PEAV;null;3;2;4;8;0.0;0;224;3616;71444;11569;3;0;0
DPOP;0;randomMeetingScheduling_1548911448070;0.0;infinity;PEAV;null;3;2;5;8;0.0;0;114;36;55269;42468;4;0;0
P-DPOP;0;randomMeetingScheduling_1548911448070;0.0;infinity;PEAV;null;3;2;5;8;0.0;0;1169;4521;250653;110682;4;0;0
DPOP;0;randomMeetingScheduling_1548911450311;0.0;infinity;PEAV;null;3;2;6;8;0.0;0;63;24;15178;5691;3;0;0
P-DPOP;0;randomMeetingScheduling_1548911450311;0.0;infinity;PEAV;null;3;2;6;8;0.0;0;52973;5426;5295910;5074607;6;0;0
DPOP;0;randomMeetingScheduling_1548911504768;0.0;infinity;PEAV;null;3;2;1;8;0.0;0;29;8;2000;463;1;0;0
P-DPOP;0;randomMeetingScheduling_1548911504768;0.0;infinity;PEAV;null;3;2;1;8;0.0;0;40;905;16075;811;1;0;0
DPOP;0;randomMeetingScheduling_1548911505405;0.0;infinity;PEAV;null;3;2;2;8;0.0;0;28;16;4014;465;1;0;0
P-DPOP;0;randomMeetingScheduling_1548911505405;0.0;infinity;PEAV;null;3;2;2;8;0.0;0;45;1810;32504;812;1;0;0
DPOP;0;randomMeetingScheduling_1548911506096;0.0;infinity;PEAV;null;3;2;3;8;0.0;0;27;18;4940;1170;2;0;0
P-DPOP;0;randomMeetingScheduling_1548911506096;0.0;infinity;PEAV;null;3;2;3;8;0.0;0;56;2713;48264;2324;2;0;0
DPOP;0;randomMeetingScheduling_1548911506903;0.0;infinity;PEAV;null;3;2;4;8;0.0;0;59;20;9594;5689;3;0;0
P-DPOP;0;randomMeetingScheduling_1548911506903;0.0;infinity;PEAV;null;3;2;4;8;0.0;0;314;3618;758205;634888;5;0;0
DPOP;0;randomMeetingScheduling_1548911508180;0.0;infinity;PEAV;null;3;2;5;8;0.0;0;73;24;56456;46050;4;0;0
P-DPOP;0;randomMeetingScheduling_1548911508180;0.0;infinity;PEAV;null;3;2;5;8;0.0;0;321;4519;100394;14410;3;0;0
DPOP;0;randomMeetingScheduling_1548911509651;0.0;infinity;PEAV;null;3;2;6;8;0.0;0;176;24;222312;218125;5;0;0
P-DPOP;1;randomMeetingScheduling_1548911509651;0.0;infinity;PEAV;null;3;2;6;8;0.0;9223372036854775807;9223372036854775807;2147483647;9223372036854775807;9223372036854775807;2147483647;NaN;NaN
DPOP;0;randomMeetingScheduling_1548911574062;0.0;infinity;PEAV;null;3;2;1;8;0.0;0;26;8;2000;463;1;0;0
P-DPOP;0;randomMeetingScheduling_1548911574062;0.0;infinity;PEAV;null;3;2;1;8;0.0;0;37;905;16211;809;1;0;0
DPOP;0;randomMeetingScheduling_1548911574759;0.0;infinity;PEAV;null;3;2;2;8;0.0;0;26;16;4012;465;1;0;0
P-DPOP;0;randomMeetingScheduling_1548911574759;0.0;infinity;PEAV;null;3;2;2;8;0.0;0;48;1810;32274;813;1;0;0
DPOP;0;randomMeetingScheduling_1548911575483;0.0;infinity;PEAV;null;3;2;3;8;0.0;0;31;18;4938;1168;2;0;0
P-DPOP;0;randomMeetingScheduling_1548911575483;0.0;infinity;PEAV;null;3;2;3;8;0.0;0;76;2715;72249;14312;3;0;0
DPOP;0;randomMeetingScheduling_1548911576282;0.0;infinity;PEAV;null;3;2;4;8;0.0;0;42;20;9600;5691;3;0;0
P-DPOP;0;randomMeetingScheduling_1548911576282;0.0;infinity;PEAV;null;3;2;4;8;0.0;0;128;3618;74151;11520;3;0;0
DPOP;0;randomMeetingScheduling_1548911577277;0.0;infinity;PEAV;null;3;2;5;8;0.0;0;109;29;46351;34404;4;0;0
P-DPOP;0;randomMeetingScheduling_1548911577277;0.0;infinity;PEAV;null;3;2;5;8;0.0;0;928;4521;5215038;5074616;6;0;0
DPOP;0;randomMeetingScheduling_1548911579744;0.0;infinity;PEAV;null;3;2;6;8;0.0;0;289;26;354171;314891;5;0;0
P-DPOP;0;randomMeetingScheduling_1548911579744;0.0;infinity;PEAV;null;3;2;6;8;0.0;0;39988;5424;274338;110681;4;0;0
DPOP;0;randomMeetingScheduling_1548911624285;0.0;infinity;PEAV;null;3;2;1;8;0.0;0;25;8;2000;463;1;0;0
P-DPOP;0;randomMeetingScheduling_1548911624285;0.0;infinity;PEAV;null;3;2;1;8;0.0;0;43;905;16273;810;1;0;0
DPOP;0;randomMeetingScheduling_1548911624967;0.0;infinity;PEAV;null;3;2;2;8;0.0;0;32;16;4016;465;1;0;0
P-DPOP;0;randomMeetingScheduling_1548911624967;0.0;infinity;PEAV;null;3;2;2;8;0.0;0;47;1810;32524;812;1;0;0
DPOP;0;randomMeetingScheduling_1548911625707;0.0;infinity;PEAV;null;3;2;3;8;0.0;0;55;15;8253;5689;3;0;0
P-DPOP;0;randomMeetingScheduling_1548911625707;0.0;infinity;PEAV;null;3;2;3;8;0.0;0;150;2713;155205;99483;4;0;0
DPOP;0;randomMeetingScheduling_1548911626645;0.0;infinity;PEAV;null;3;2;4;8;0.0;0;37;20;5858;1170;2;0;0
P-DPOP;0;randomMeetingScheduling_1548911626645;0.0;infinity;PEAV;null;3;2;4;8;0.0;0;221;3618;261155;110686;4;0;0
DPOP;0;randomMeetingScheduling_1548911627788;0.0;infinity;PEAV;null;3;2;5;8;0.0;0;138;29;49083;42468;4;0;0
P-DPOP;0;randomMeetingScheduling_1548911627788;0.0;infinity;PEAV;null;3;2;5;8;0.0;0;1121;4525;4461951;4133815;6;0;0
DPOP;0;randomMeetingScheduling_1548911630285;0.0;infinity;PEAV;null;3;2;6;8;0.0;0;93;24;39372;34404;4;0;0
P-DPOP;1;randomMeetingScheduling_1548911630285;0.0;infinity;PEAV;null;3;2;6;8;0.0;9223372036854775807;9223372036854775807;2147483647;9223372036854775807;9223372036854775807;2147483647;NaN;NaN
DPOP;0;randomMeetingScheduling_1548911762800;0.0;infinity;PEAV;null;3;2;1;8;0.0;0;24;8;2000;463;1;0;0
P-DPOP;0;randomMeetingScheduling_1548911762800;0.0;infinity;PEAV;null;3;2;1;8;0.0;0;37;905;16101;814;1;0;0
DPOP;0;randomMeetingScheduling_1548911763433;0.0;infinity;PEAV;null;3;2;2;8;0.0;0;33;16;4012;463;1;0;0
P-DPOP;0;randomMeetingScheduling_1548911763433;0.0;infinity;PEAV;null;3;2;2;8;0.0;0;50;1810;32422;813;1;0;0
DPOP;0;randomMeetingScheduling_1548911764143;0.0;infinity;PEAV;null;3;2;3;8;0.0;0;29;18;4934;1168;2;0;0
P-DPOP;0;randomMeetingScheduling_1548911764143;0.0;infinity;PEAV;null;3;2;3;8;0.0;0;61;2713;48287;2338;2;0;0
DPOP;0;randomMeetingScheduling_1548911764957;0.0;infinity;PEAV;null;3;2;4;8;0.0;0;37;20;5860;1170;2;0;0
P-DPOP;0;randomMeetingScheduling_1548911764957;0.0;infinity;PEAV;null;3;2;4;8;0.0;0;145;3618;213298;88284;4;0;0
DPOP;0;randomMeetingScheduling_1548911765911;0.0;infinity;PEAV;null;3;2;5;8;0.0;0;59;22;10514;5689;3;0;0
P-DPOP;0;randomMeetingScheduling_1548911765911;0.0;infinity;PEAV;null;3;2;5;8;0.0;0;430;4519;87089;11618;3;0;0
DPOP;0;randomMeetingScheduling_1548911767222;0.0;infinity;PEAV;null;3;2;6;8;0.0;0;232;33;259011;218125;5;0;0
P-DPOP;0;randomMeetingScheduling_1548911767222;0.0;infinity;PEAV;null;3;2;6;8;0.0;0;19475;5422;591121;500579;5;0;0
DPOP;0;randomMeetingScheduling_1548911789194;0.0;infinity;PEAV;null;3;2;1;8;0.0;0;25;8;2002;465;1;0;0
P-DPOP;0;randomMeetingScheduling_1548911789194;0.0;infinity;PEAV;null;3;2;1;8;0.0;0;38;905;16131;814;1;0;0
DPOP;0;randomMeetingScheduling_1548911789808;0.0;infinity;PEAV;null;3;2;2;8;0.0;0;36;13;3527;1170;2;0;0
P-DPOP;0;randomMeetingScheduling_1548911789808;0.0;infinity;PEAV;null;3;2;2;8;0.0;0;54;1808;31893;2332;2;0;0
DPOP;0;randomMeetingScheduling_1548911790525;0.0;infinity;PEAV;null;3;2;3;8;0.0;0;33;18;4938;1170;2;0;0
P-DPOP;0;randomMeetingScheduling_1548911790525;0.0;infinity;PEAV;null;3;2;3;8;0.0;0;65;2713;47986;2338;2;0;0
DPOP;0;randomMeetingScheduling_1548911791349;0.0;infinity;PEAV;null;3;2;4;8;0.0;0;44;20;9600;5691;3;0;0
P-DPOP;0;randomMeetingScheduling_1548911791349;0.0;infinity;PEAV;null;3;2;4;8;0.0;0;159;3620;173540;99485;4;0;0
DPOP;0;randomMeetingScheduling_1548911792409;0.0;infinity;PEAV;null;3;2;5;8;0.0;0;96;25;56518;46050;4;0;0
P-DPOP;0;randomMeetingScheduling_1548911792409;0.0;infinity;PEAV;null;3;2;5;8;0.0;0;1028;4523;5227114;5074612;6;0;0
DPOP;0;randomMeetingScheduling_1548911795026;0.0;infinity;PEAV;null;3;2;6;8;0.0;0;316;26;354173;314893;5;0;0
P-DPOP;1;randomMeetingScheduling_1548911795026;0.0;infinity;PEAV;null;3;2;6;8;0.0;9223372036854775807;9223372036854775807;2147483647;9223372036854775807;9223372036854775807;2147483647;NaN;NaN
DPOP;0;randomMeetingScheduling_1548911914318;0.0;infinity;PEAV;null;3;2;1;8;0.0;0;26;8;2002;465;1;0;0
P-DPOP;0;randomMeetingScheduling_1548911914318;0.0;infinity;PEAV;null;3;2;1;8;0.0;0;45;905;16263;810;1;0;0
DPOP;0;randomMeetingScheduling_1548911914946;0.0;infinity;PEAV;null;3;2;2;8;0.0;0;26;16;4014;465;1;0;0
P-DPOP;0;randomMeetingScheduling_1548911914946;0.0;infinity;PEAV;null;3;2;2;8;0.0;0;52;1810;32378;813;1;0;0
DPOP;0;randomMeetingScheduling_1548911915621;0.0;infinity;PEAV;null;3;2;3;8;0.0;0;31;18;4934;1168;2;0;0
P-DPOP;0;randomMeetingScheduling_1548911915621;0.0;infinity;PEAV;null;3;2;3;8;0.0;0;96;2715;72020;14321;3;0;0
DPOP;0;randomMeetingScheduling_1548911916455;0.0;infinity;PEAV;null;3;2;4;8;0.0;0;61;24;12391;6585;3;0;0
P-DPOP;0;randomMeetingScheduling_1548911916455;0.0;infinity;PEAV;null;3;2;4;8;0.0;0;127;3616;76990;14416;3;0;0
DPOP;0;randomMeetingScheduling_1548911917469;0.0;infinity;PEAV;null;3;2;5;8;0.0;0;75;24;56454;46050;4;0;0
P-DPOP;0;randomMeetingScheduling_1548911917469;0.0;infinity;PEAV;null;3;2;5;8;0.0;0;304;4521;787175;634863;5;0;0
DPOP;0;randomMeetingScheduling_1548911919047;0.0;infinity;PEAV;null;3;2;6;8;0.0;0;338;26;354171;314893;5;0;0
P-DPOP;1;randomMeetingScheduling_1548911919047;0.0;infinity;PEAV;null;3;2;6;8;0.0;9223372036854775807;9223372036854775807;2147483647;9223372036854775807;9223372036854775807;2147483647;NaN;NaN
DPOP;0;randomMeetingScheduling_1548912036394;0.0;infinity;PEAV;null;3;2;1;8;0.0;0;25;8;2002;465;1;0;0
P-DPOP;0;randomMeetingScheduling_1548912036394;0.0;infinity;PEAV;null;3;2;1;8;0.0;0;42;905;16165;811;1;0;0
DPOP;0;randomMeetingScheduling_1548912037018;0.0;infinity;PEAV;null;3;2;2;8;0.0;0;31;16;4014;465;1;0;0
P-DPOP;0;randomMeetingScheduling_1548912037018;0.0;infinity;PEAV;null;3;2;2;8;0.0;0;47;1810;32400;812;1;0;0
DPOP;0;randomMeetingScheduling_1548912037755;0.0;infinity;PEAV;null;3;2;3;8;0.0;0;28;18;4938;1168;2;0;0
P-DPOP;0;randomMeetingScheduling_1548912037755;0.0;infinity;PEAV;null;3;2;3;8;0.0;0;71;2715;50790;2425;2;0;0
DPOP;0;randomMeetingScheduling_1548912038587;0.0;infinity;PEAV;null;3;2;4;8;0.0;0;43;20;9598;5691;3;0;0
P-DPOP;0;randomMeetingScheduling_1548912038587;0.0;infinity;PEAV;null;3;2;4;8;0.0;0;148;3616;71350;11623;3;0;0
DPOP;0;randomMeetingScheduling_1548912039561;0.0;infinity;PEAV;null;3;2;5;8;0.0;0;85;24;48317;42466;4;0;0
P-DPOP;0;randomMeetingScheduling_1548912039561;0.0;infinity;PEAV;null;3;2;5;8;0.0;0;1086;4521;265186;99484;4;0;0
DPOP;0;randomMeetingScheduling_1548912041689;0.0;infinity;PEAV;null;3;2;6;8;0.0;0;95;24;39370;34404;4;0;0
P-DPOP;0;randomMeetingScheduling_1548912041689;0.0;infinity;PEAV;null;3;2;6;8;0.0;0;26912;5422;152676;63186;4;0;0
DPOP;0;randomMeetingScheduling_1548912069783;0.0;infinity;PEAV;null;3;2;1;8;0.0;0;25;8;2002;465;1;0;0
P-DPOP;0;randomMeetingScheduling_1548912069783;0.0;infinity;PEAV;null;3;2;1;8;0.0;0;37;905;16227;812;1;0;0
DPOP;0;randomMeetingScheduling_1548912070478;0.0;infinity;PEAV;null;3;2;2;8;0.0;0;34;13;3531;1170;2;0;0
P-DPOP;0;randomMeetingScheduling_1548912070478;0.0;infinity;PEAV;null;3;2;2;8;0.0;0;60;1808;31869;2338;2;0;0
DPOP;0;randomMeetingScheduling_1548912071174;0.0;infinity;PEAV;null;3;2;3;8;0.0;0;30;18;4938;1170;2;0;0
P-DPOP;0;randomMeetingScheduling_1548912071174;0.0;infinity;PEAV;null;3;2;3;8;0.0;0;101;2713;48199;2335;2;0;0
DPOP;0;randomMeetingScheduling_1548912071998;0.0;infinity;PEAV;null;3;2;4;8;0.0;0;40;20;9598;5691;3;0;0
P-DPOP;0;randomMeetingScheduling_1548912071998;0.0;infinity;PEAV;null;3;2;4;8;0.0;0;155;3616;71404;11599;3;0;0
DPOP;0;randomMeetingScheduling_1548912072996;0.0;infinity;PEAV;null;3;2;5;8;0.0;0;128;27;49715;42466;4;0;0
P-DPOP;0;randomMeetingScheduling_1548912072996;0.0;infinity;PEAV;null;3;2;5;8;0.0;0;796;4521;5214770;5074615;6;0;0
DPOP;0;randomMeetingScheduling_1548912075276;0.0;infinity;PEAV;null;3;2;6;8;0.0;0;256;26;325440;314893;5;0;0
P-DPOP;0;randomMeetingScheduling_1548912075276;0.0;infinity;PEAV;null;3;2;6;8;0.0;0;19208;5424;8838731;5074615;6;0;0
DPOP;0;randomMeetingScheduling_1548912098647;0.0;infinity;PEAV;null;3;2;1;8;0.0;0;30;8;2002;465;1;0;0
P-DPOP;0;randomMeetingScheduling_1548912098647;0.0;infinity;PEAV;null;3;2;1;8;0.0;0;38;905;16211;814;1;0;0
DPOP;0;randomMeetingScheduling_1548912099400;0.0;infinity;PEAV;null;3;2;2;8;0.0;0;30;16;4014;465;1;0;0
P-DPOP;0;randomMeetingScheduling_1548912099400;0.0;infinity;PEAV;null;3;2;2;8;0.0;0;49;1810;32606;814;1;0;0
DPOP;0;randomMeetingScheduling_1548912100159;0.0;infinity;PEAV;null;3;2;3;8;0.0;0;36;24;7542;1234;2;0;0
P-DPOP;0;randomMeetingScheduling_1548912100159;0.0;infinity;PEAV;null;3;2;3;8;0.0;0;63;2713;50783;2534;2;0;0
DPOP;0;randomMeetingScheduling_1548912101026;0.0;infinity;PEAV;null;3;2;4;8;0.0;0;40;20;9596;5691;3;0;0
P-DPOP;0;randomMeetingScheduling_1548912101026;0.0;infinity;PEAV;null;3;2;4;8;0.0;0;228;3616;71563;11625;3;0;0
DPOP;0;randomMeetingScheduling_1548912102165;0.0;infinity;PEAV;null;3;2;5;8;0.0;0;88;24;56462;46052;4;0;0
P-DPOP;0;randomMeetingScheduling_1548912102165;0.0;infinity;PEAV;null;3;2;5;8;0.0;0;351;4523;835521;634846;5;0;0
DPOP;0;randomMeetingScheduling_1548912103772;0.0;infinity;PEAV;null;3;2;6;8;0.0;0;81;24;39372;34404;4;0;0
P-DPOP;1;randomMeetingScheduling_1548912103772;0.0;infinity;PEAV;null;3;2;6;8;0.0;9223372036854775807;9223372036854775807;2147483647;9223372036854775807;9223372036854775807;2147483647;NaN;NaN
DPOP;0;randomMeetingScheduling_1548912299944;0.0;infinity;PEAV;null;3;2;1;8;0.0;0;26;8;2002;465;1;0;0
P-DPOP;0;randomMeetingScheduling_1548912299944;0.0;infinity;PEAV;null;3;2;1;8;0.0;0;39;905;16245;811;1;0;0
DPOP;0;randomMeetingScheduling_1548912300558;0.0;infinity;PEAV;null;3;2;2;8;0.0;0;34;13;3527;1170;2;0;0
P-DPOP;0;randomMeetingScheduling_1548912300558;0.0;infinity;PEAV;null;3;2;2;8;0.0;0;55;1808;31903;2335;2;0;0
DPOP;0;randomMeetingScheduling_1548912301344;0.0;infinity;PEAV;null;3;2;3;8;0.0;0;32;18;4936;1168;2;0;0
P-DPOP;0;randomMeetingScheduling_1548912301344;0.0;infinity;PEAV;null;3;2;3;8;0.0;0;73;2715;50846;2427;2;0;0
DPOP;0;randomMeetingScheduling_1548912302212;0.0;infinity;PEAV;null;3;2;4;8;0.0;0;33;20;5860;1170;2;0;0
P-DPOP;0;randomMeetingScheduling_1548912302212;0.0;infinity;PEAV;null;3;2;4;8;0.0;0;152;3618;66518;2429;2;0;0
DPOP;0;randomMeetingScheduling_1548912303132;0.0;infinity;PEAV;null;3;2;5;8;0.0;0;120;30;80539;39780;4;0;0
P-DPOP;0;randomMeetingScheduling_1548912303132;0.0;infinity;PEAV;null;3;2;5;8;0.0;0;1472;4521;4274374;4133815;6;0;0
DPOP;0;randomMeetingScheduling_1548912306023;0.0;infinity;PEAV;null;3;2;6;8;0.0;0;239;26;325436;314891;5;0;0
P-DPOP;0;randomMeetingScheduling_1548912306023;0.0;infinity;PEAV;null;3;2;6;8;0.0;0;5502;5424;6131478;5074719;6;0;0
DPOP;0;randomMeetingScheduling_1548912315675;0.0;infinity;PEAV;null;3;2;1;8;0.0;0;25;8;2000;463;1;0;0
P-DPOP;0;randomMeetingScheduling_1548912315675;0.0;infinity;PEAV;null;3;2;1;8;0.0;0;41;905;16195;811;1;0;0
DPOP;0;randomMeetingScheduling_1548912316298;0.0;infinity;PEAV;null;3;2;2;8;0.0;0;25;16;4014;465;1;0;0
P-DPOP;0;randomMeetingScheduling_1548912316298;0.0;infinity;PEAV;null;3;2;2;8;0.0;0;51;1810;32492;811;1;0;0
DPOP;0;randomMeetingScheduling_1548912317025;0.0;infinity;PEAV;null;3;2;3;8;0.0;0;35;18;4940;1170;2;0;0
P-DPOP;0;randomMeetingScheduling_1548912317025;0.0;infinity;PEAV;null;3;2;3;8;0.0;0;66;2713;48099;2337;2;0;0
DPOP;0;randomMeetingScheduling_1548912317869;0.0;infinity;PEAV;null;3;2;4;8;0.0;0;66;25;12735;5689;3;0;0
P-DPOP;0;randomMeetingScheduling_1548912317869;0.0;infinity;PEAV;null;3;2;4;8;0.0;0;136;3616;86278;14425;3;0;0
DPOP;0;randomMeetingScheduling_1548912318859;0.0;infinity;PEAV;null;3;2;5;8;0.0;0;119;29;49083;42468;4;0;0
P-DPOP;0;randomMeetingScheduling_1548912318859;0.0;infinity;PEAV;null;3;2;5;8;0.0;0;1720;4521;9346838;5074720;6;0;0
DPOP;0;randomMeetingScheduling_1548912322332;0.0;infinity;PEAV;null;3;2;6;8;0.0;0;308;31;279429;271885;5;0;0
P-DPOP;0;randomMeetingScheduling_1548912322332;0.0;infinity;PEAV;null;3;2;6;8;0.0;0;19131;5424;593892;500594;5;0;0
DPOP;0;randomMeetingScheduling_1548912344392;0.0;infinity;PEAV;null;3;2;1;8;0.0;0;25;8;2002;465;1;0;0
P-DPOP;0;randomMeetingScheduling_1548912344392;0.0;infinity;PEAV;null;3;2;1;8;0.0;0;39;905;16221;809;1;0;0
DPOP;0;randomMeetingScheduling_1548912345009;0.0;infinity;PEAV;null;3;2;2;8;0.0;0;30;16;4012;463;1;0;0
P-DPOP;0;randomMeetingScheduling_1548912345009;0.0;infinity;PEAV;null;3;2;2;8;0.0;0;50;1810;32456;810;1;0;0
DPOP;0;randomMeetingScheduling_1548912345741;0.0;infinity;PEAV;null;3;2;3;8;0.0;0;34;18;4934;1168;2;0;0
P-DPOP;0;randomMeetingScheduling_1548912345741;0.0;infinity;PEAV;null;3;2;3;8;0.0;0;64;2713;48085;2325;2;0;0
DPOP;0;randomMeetingScheduling_1548912346552;0.0;infinity;PEAV;null;3;2;4;8;0.0;0;59;25;12896;6587;3;0;0
P-DPOP;0;randomMeetingScheduling_1548912346552;0.0;infinity;PEAV;null;3;2;4;8;0.0;0;131;3616;86297;14420;3;0;0
DPOP;0;randomMeetingScheduling_1548912347591;0.0;infinity;PEAV;null;3;2;5;8;0.0;0;62;22;10518;5689;3;0;0
P-DPOP;0;randomMeetingScheduling_1548912347591;0.0;infinity;PEAV;null;3;2;5;8;0.0;0;862;4523;189272;99454;4;0;0
DPOP;0;randomMeetingScheduling_1548912349440;0.0;infinity;PEAV;null;3;2;6;8;0.0;0;333;31;501074;271883;5;0;0
P-DPOP;1;randomMeetingScheduling_1548912349440;0.0;infinity;PEAV;null;3;2;6;8;0.0;9223372036854775807;9223372036854775807;2147483647;9223372036854775807;9223372036854775807;2147483647;NaN;NaN
DPOP;0;randomMeetingScheduling_1548912420175;0.0;infinity;PEAV;null;3;2;1;8;0.0;0;25;8;2000;463;1;0;0
P-DPOP;0;randomMeetingScheduling_1548912420175;0.0;infinity;PEAV;null;3;2;1;8;0.0;0;38;905;16187;812;1;0;0
DPOP;0;randomMeetingScheduling_1548912420935;0.0;infinity;PEAV;null;3;2;2;8;0.0;0;28;16;4014;465;1;0;0
P-DPOP;0;randomMeetingScheduling_1548912420935;0.0;infinity;PEAV;null;3;2;2;8;0.0;0;48;1810;32384;810;1;0;0
DPOP;0;randomMeetingScheduling_1548912421612;0.0;infinity;PEAV;null;3;2;3;8;0.0;0;31;18;4930;1168;2;0;0
P-DPOP;0;randomMeetingScheduling_1548912421612;0.0;infinity;PEAV;null;3;2;3;8;0.0;0;58;2713;48047;2331;2;0;0
DPOP;0;randomMeetingScheduling_1548912422459;0.0;infinity;PEAV;null;3;2;4;8;0.0;0;125;17;37898;34402;4;0;0
P-DPOP;0;randomMeetingScheduling_1548912422459;0.0;infinity;PEAV;null;3;2;4;8;0.0;0;597;3616;123655;63080;4;0;0
DPOP;0;randomMeetingScheduling_1548912423985;0.0;infinity;PEAV;null;3;2;5;8;0.0;0;104;29;46286;34402;4;0;0
P-DPOP;0;randomMeetingScheduling_1548912423985;0.0;infinity;PEAV;null;3;2;5;8;0.0;0;1022;4521;348348;110781;4;0;0
DPOP;0;randomMeetingScheduling_1548912426045;0.0;infinity;PEAV;null;3;2;6;8;0.0;0;132;39;80258;34404;4;0;0
P-DPOP;0;randomMeetingScheduling_1548912426045;0.0;infinity;PEAV;null;3;2;6;8;0.0;0;1799;5424;4385338;4133816;6;0;0
DPOP;0;randomMeetingScheduling_1548912429367;0.0;infinity;PEAV;null;3;2;1;8;0.0;0;25;8;2002;465;1;0;0
P-DPOP;0;randomMeetingScheduling_1548912429367;0.0;infinity;PEAV;null;3;2;1;8;0.0;0;38;905;16257;812;1;0;0
DPOP;0;randomMeetingScheduling_1548912430068;0.0;infinity;PEAV;null;3;2;2;8;0.0;0;34;13;3527;1170;2;0;0
P-DPOP;0;randomMeetingScheduling_1548912430068;0.0;infinity;PEAV;null;3;2;2;8;0.0;0;54;1808;31911;2337;2;0;0
DPOP;0;randomMeetingScheduling_1548912430878;0.0;infinity;PEAV;null;3;2;3;8;0.0;0;33;18;4938;1170;2;0;0
P-DPOP;0;randomMeetingScheduling_1548912430878;0.0;infinity;PEAV;null;3;2;3;8;0.0;0;68;2715;50843;2426;2;0;0
DPOP;0;randomMeetingScheduling_1548912431703;0.0;infinity;PEAV;null;3;2;4;8;0.0;0;43;20;9598;5691;3;0;0
P-DPOP;0;randomMeetingScheduling_1548912431703;0.0;infinity;PEAV;null;3;2;4;8;0.0;0;229;3616;71451;11620;3;0;0
DPOP;0;randomMeetingScheduling_1548912432873;0.0;infinity;PEAV;null;3;2;5;8;0.0;0;132;27;46192;34404;4;0;0
P-DPOP;0;randomMeetingScheduling_1548912432873;0.0;infinity;PEAV;null;3;2;5;8;0.0;0;1344;4521;9346600;5074714;6;0;0
DPOP;0;randomMeetingScheduling_1548912435965;0.0;infinity;PEAV;null;3;2;6;8;0.0;0;465;37;336967;261131;5;0;0
P-DPOP;0;randomMeetingScheduling_1548912435965;0.0;infinity;PEAV;null;3;2;6;8;0.0;0;20000;5424;9360897;5074720;6;0;0
DPOP;0;randomMeetingScheduling_1548912459830;0.0;infinity;PEAV;null;3;2;1;8;0.0;0;26;8;2000;463;1;0;0
P-DPOP;0;randomMeetingScheduling_1548912459830;0.0;infinity;PEAV;null;3;2;1;8;0.0;0;44;905;16145;811;1;0;0
DPOP;0;randomMeetingScheduling_1548912460461;0.0;infinity;PEAV;null;3;2;2;8;0.0;0;37;13;3531;1170;2;0;0
P-DPOP;0;randomMeetingScheduling_1548912460461;0.0;infinity;PEAV;null;3;2;2;8;0.0;0;53;1810;34550;2428;2;0;0
DPOP;0;randomMeetingScheduling_1548912461170;0.0;infinity;PEAV;null;3;2;3;8;0.0;0;39;18;4934;1168;2;0;0
P-DPOP;0;randomMeetingScheduling_1548912461170;0.0;infinity;PEAV;null;3;2;3;8;0.0;0;81;2713;48212;2325;2;0;0
DPOP;0;randomMeetingScheduling_1548912462065;0.0;infinity;PEAV;null;3;2;4;8;0.0;0;40;20;9598;5691;3;0;0
P-DPOP;0;randomMeetingScheduling_1548912462065;0.0;infinity;PEAV;null;3;2;4;8;0.0;0;133;3616;71463;11619;3;0;0
DPOP;0;randomMeetingScheduling_1548912463059;0.0;infinity;PEAV;null;3;2;5;8;0.0;0;122;30;80539;39780;4;0;0
P-DPOP;0;randomMeetingScheduling_1548912463059;0.0;infinity;PEAV;null;3;2;5;8;0.0;0;1330;4521;4360241;4133914;6;0;0
DPOP;0;randomMeetingScheduling_1548912465846;0.0;infinity;PEAV;null;3;2;6;8;0.0;0;250;26;325440;314893;5;0;0
P-DPOP;1;randomMeetingScheduling_1548912465846;0.0;infinity;PEAV;null;3;2;6;8;0.0;9223372036854775807;9223372036854775807;2147483647;9223372036854775807;9223372036854775807;2147483647;NaN;NaN
DPOP;0;randomMeetingScheduling_1548912581820;0.0;infinity;PEAV;null;3;2;1;8;0.0;0;30;8;2000;463;1;0;0
P-DPOP;0;randomMeetingScheduling_1548912581820;0.0;infinity;PEAV;null;3;2;1;8;0.0;0;42;905;16247;812;1;0;0
DPOP;0;randomMeetingScheduling_1548912582444;0.0;infinity;PEAV;null;3;2;2;8;0.0;0;34;16;4012;463;1;0;0
P-DPOP;0;randomMeetingScheduling_1548912582444;0.0;infinity;PEAV;null;3;2;2;8;0.0;0;45;1810;32380;812;1;0;0
DPOP;0;randomMeetingScheduling_1548912583150;0.0;infinity;PEAV;null;3;2;3;8;0.0;0;29;18;4934;1168;2;0;0
P-DPOP;0;randomMeetingScheduling_1548912583150;0.0;infinity;PEAV;null;3;2;3;8;0.0;0;73;2715;50900;2431;2;0;0
DPOP;0;randomMeetingScheduling_1548912583933;0.0;infinity;PEAV;null;3;2;4;8;0.0;0;63;25;12471;6587;3;0;0
P-DPOP;0;randomMeetingScheduling_1548912583933;0.0;infinity;PEAV;null;3;2;4;8;0.0;0;113;3616;76790;14419;3;0;0
DPOP;0;randomMeetingScheduling_1548912584955;0.0;infinity;PEAV;null;3;2;5;8;0.0;0;130;30;80531;39780;4;0;0
P-DPOP;0;randomMeetingScheduling_1548912584955;0.0;infinity;PEAV;null;3;2;5;8;0.0;0;954;4523;5216964;5074616;6;0;0
DPOP;0;randomMeetingScheduling_1548912587496;0.0;infinity;PEAV;null;3;2;6;8;0.0;0;244;26;325442;314893;5;0;0
P-DPOP;1;randomMeetingScheduling_1548912587496;0.0;infinity;PEAV;null;3;2;6;8;0.0;9223372036854775807;9223372036854775807;2147483647;9223372036854775807;9223372036854775807;2147483647;NaN;NaN
DPOP;0;randomMeetingScheduling_1548912656564;0.0;infinity;PEAV;null;3;2;1;8;0.0;0;26;8;2002;465;1;0;0
P-DPOP;0;randomMeetingScheduling_1548912656564;0.0;infinity;PEAV;null;3;2;1;8;0.0;0;40;905;16203;810;1;0;0
DPOP;0;randomMeetingScheduling_1548912657201;0.0;infinity;PEAV;null;3;2;2;8;0.0;0;33;13;3529;1168;2;0;0
P-DPOP;0;randomMeetingScheduling_1548912657201;0.0;infinity;PEAV;null;3;2;2;8;0.0;0;61;1810;34575;2422;2;0;0
DPOP;0;randomMeetingScheduling_1548912657911;0.0;infinity;PEAV;null;3;2;3;8;0.0;0;36;18;4936;1170;2;0;0
P-DPOP;0;randomMeetingScheduling_1548912657911;0.0;infinity;PEAV;null;3;2;3;8;0.0;0;85;2715;72076;14318;3;0;0
DPOP;0;randomMeetingScheduling_1548912658769;0.0;infinity;PEAV;null;3;2;4;8;0.0;0;61;24;12391;6585;3;0;0
P-DPOP;0;randomMeetingScheduling_1548912658769;0.0;infinity;PEAV;null;3;2;4;8;0.0;0;108;3616;77086;14413;3;0;0
DPOP;0;randomMeetingScheduling_1548912659812;0.0;infinity;PEAV;null;3;2;5;8;0.0;0;69;24;56460;46050;4;0;0
P-DPOP;0;randomMeetingScheduling_1548912659812;0.0;infinity;PEAV;null;3;2;5;8;0.0;0;648;4523;288455;99587;4;0;0
DPOP;0;randomMeetingScheduling_1548912661659;0.0;infinity;PEAV;null;3;2;6;8;0.0;0;254;26;325436;314893;5;0;0
P-DPOP;0;randomMeetingScheduling_1548912661659;0.0;infinity;PEAV;null;3;2;6;8;0.0;0;2589;5428;7989251;4133816;6;0;0
DPOP;0;randomMeetingScheduling_1548912668657;0.0;infinity;PEAV;null;3;2;1;8;0.0;0;25;8;2002;465;1;0;0
P-DPOP;0;randomMeetingScheduling_1548912668657;0.0;infinity;PEAV;null;3;2;1;8;0.0;0;42;905;16211;814;1;0;0
DPOP;0;randomMeetingScheduling_1548912669330;0.0;infinity;PEAV;null;3;2;2;8;0.0;0;31;16;4014;465;1;0;0
P-DPOP;0;randomMeetingScheduling_1548912669330;0.0;infinity;PEAV;null;3;2;2;8;0.0;0;50;1810;32384;813;1;0;0
DPOP;0;randomMeetingScheduling_1548912670032;0.0;infinity;PEAV;null;3;2;3;8;0.0;0;43;24;7542;1232;2;0;0
P-DPOP;0;randomMeetingScheduling_1548912670032;0.0;infinity;PEAV;null;3;2;3;8;0.0;0;60;2715;53625;2530;2;0;0
DPOP;0;randomMeetingScheduling_1548912670842;0.0;infinity;PEAV;null;3;2;4;8;0.0;0;41;20;9596;5691;3;0;0
P-DPOP;0;randomMeetingScheduling_1548912670842;0.0;infinity;PEAV;null;3;2;4;8;0.0;0;380;3618;758296;634891;5;0;0
DPOP;0;randomMeetingScheduling_1548912672122;0.0;infinity;PEAV;null;3;2;5;8;0.0;0;103;29;46286;34404;4;0;0
P-DPOP;0;randomMeetingScheduling_1548912672122;0.0;infinity;PEAV;null;3;2;5;8;0.0;0;669;4519;164909;88390;4;0;0
DPOP;0;randomMeetingScheduling_1548912673844;0.0;infinity;PEAV;null;3;2;6;8;0.0;0;280;26;354169;314891;5;0;0
P-DPOP;0;randomMeetingScheduling_1548912673844;0.0;infinity;PEAV;null;3;2;6;8;0.0;0;18325;5426;3876605;3663519;6;0;0
DPOP;0;randomMeetingScheduling_1548912696469;0.0;infinity;PEAV;null;3;2;1;8;0.0;0;25;8;2002;465;1;0;0
P-DPOP;0;randomMeetingScheduling_1548912696469;0.0;infinity;PEAV;null;3;2;1;8;0.0;0;41;905;16179;813;1;0;0
DPOP;0;randomMeetingScheduling_1548912697160;0.0;infinity;PEAV;null;3;2;2;8;0.0;0;27;16;4012;463;1;0;0
P-DPOP;0;randomMeetingScheduling_1548912697160;0.0;infinity;PEAV;null;3;2;2;8;0.0;0;48;1810;32628;813;1;0;0
DPOP;0;randomMeetingScheduling_1548912697869;0.0;infinity;PEAV;null;3;2;3;8;0.0;0;39;18;4940;1170;2;0;0
P-DPOP;0;randomMeetingScheduling_1548912697869;0.0;infinity;PEAV;null;3;2;3;8;0.0;0;67;2715;50998;2436;2;0;0
DPOP;0;randomMeetingScheduling_1548912698717;0.0;infinity;PEAV;null;3;2;4;8;0.0;0;44;22;12297;6587;3;0;0
P-DPOP;0;randomMeetingScheduling_1548912698717;0.0;infinity;PEAV;null;3;2;4;8;0.0;0;163;3618;186143;99577;4;0;0
DPOP;0;randomMeetingScheduling_1548912699810;0.0;infinity;PEAV;null;3;2;5;8;0.0;0;283;30;318765;277261;5;0;0
P-DPOP;0;randomMeetingScheduling_1548912699810;0.0;infinity;PEAV;null;3;2;5;8;0.0;0;650;4521;167667;88384;4;0;0
DPOP;0;randomMeetingScheduling_1548912703200;0.0;infinity;PEAV;null;3;2;6;8;0.0;0;264;26;325436;314891;5;0;0
P-DPOP;1;randomMeetingScheduling_1548912703200;0.0;infinity;PEAV;null;3;2;6;8;0.0;9223372036854775807;9223372036854775807;2147483647;9223372036854775807;9223372036854775807;2147483647;NaN;NaN
DPOP;0;randomMeetingScheduling_1548912786928;0.0;infinity;PEAV;null;3;2;1;8;0.0;0;25;8;2002;465;1;0;0
P-DPOP;0;randomMeetingScheduling_1548912786928;0.0;infinity;PEAV;null;3;2;1;8;0.0;0;45;905;16291;809;1;0;0
DPOP;0;randomMeetingScheduling_1548912787553;0.0;infinity;PEAV;null;3;2;2;8;0.0;0;37;13;3531;1170;2;0;0
P-DPOP;0;randomMeetingScheduling_1548912787553;0.0;infinity;PEAV;null;3;2;2;8;0.0;0;56;1808;31846;2334;2;0;0
DPOP;0;randomMeetingScheduling_1548912788247;0.0;infinity;PEAV;null;3;2;3;8;0.0;0;33;18;4938;1168;2;0;0
P-DPOP;0;randomMeetingScheduling_1548912788247;0.0;infinity;PEAV;null;3;2;3;8;0.0;0;100;2713;48127;2338;2;0;0
DPOP;0;randomMeetingScheduling_1548912789094;0.0;infinity;PEAV;null;3;2;4;8;0.0;0;39;20;5860;1170;2;0;0
P-DPOP;0;randomMeetingScheduling_1548912789094;0.0;infinity;PEAV;null;3;2;4;8;0.0;0;176;3618;213157;88283;4;0;0
DPOP;0;randomMeetingScheduling_1548912790107;0.0;infinity;PEAV;null;3;2;5;8;0.0;0;84;25;56518;46052;4;0;0
P-DPOP;0;randomMeetingScheduling_1548912790107;0.0;infinity;PEAV;null;3;2;5;8;0.0;0;949;4521;208873;110674;4;0;0
DPOP;0;randomMeetingScheduling_1548912792241;0.0;infinity;PEAV;null;3;2;6;8;0.0;0;229;33;230286;218125;5;0;0
P-DPOP;1;randomMeetingScheduling_1548912792241;0.0;infinity;PEAV;null;3;2;6;8;0.0;9223372036854775807;9223372036854775807;2147483647;9223372036854775807;9223372036854775807;2147483647;NaN;NaN
DPOP;0;randomMeetingScheduling_1548912903712;0.0;infinity;PEAV;null;3;2;1;8;0.0;0;26;8;2000;463;1;0;0
P-DPOP;0;randomMeetingScheduling_1548912903712;0.0;infinity;PEAV;null;3;2;1;8;0.0;0;43;905;16257;812;1;0;0
DPOP;0;randomMeetingScheduling_1548912904351;0.0;infinity;PEAV;null;3;2;2;8;0.0;0;31;16;4014;465;1;0;0
P-DPOP;0;randomMeetingScheduling_1548912904351;0.0;infinity;PEAV;null;3;2;2;8;0.0;0;55;1810;32474;812;1;0;0
DPOP;0;randomMeetingScheduling_1548912905052;0.0;infinity;PEAV;null;3;2;3;8;0.0;0;32;18;4940;1170;2;0;0
P-DPOP;0;randomMeetingScheduling_1548912905052;0.0;infinity;PEAV;null;3;2;3;8;0.0;0;83;2713;47993;2333;2;0;0
DPOP;0;randomMeetingScheduling_1548912905887;0.0;infinity;PEAV;null;3;2;4;8;0.0;0;71;28;23902;6583;3;0;0
P-DPOP;0;randomMeetingScheduling_1548912905887;0.0;infinity;PEAV;null;3;2;4;8;0.0;0;130;3616;86212;14417;3;0;0
DPOP;0;randomMeetingScheduling_1548912906943;0.0;infinity;PEAV;null;3;2;5;8;0.0;0;69;25;56514;46050;4;0;0
P-DPOP;0;randomMeetingScheduling_1548912906943;0.0;infinity;PEAV;null;3;2;5;8;0.0;0;867;4521;208726;110686;4;0;0
DPOP;0;randomMeetingScheduling_1548912908909;0.0;infinity;PEAV;null;3;2;6;8;0.0;0;257;26;325434;314891;5;0;0
P-DPOP;0;randomMeetingScheduling_1548912908909;0.0;infinity;PEAV;null;3;2;6;8;0.0;0;8924;5424;25034318;24598501;7;0;0
DPOP;0;randomMeetingScheduling_1548912923319;0.0;infinity;PEAV;null;3;2;1;8;0.0;0;24;8;2002;465;1;0;0
P-DPOP;0;randomMeetingScheduling_1548912923319;0.0;infinity;PEAV;null;3;2;1;8;0.0;0;43;905;16305;811;1;0;0
DPOP;0;randomMeetingScheduling_1548912923939;0.0;infinity;PEAV;null;3;2;2;8;0.0;0;27;16;4016;465;1;0;0
P-DPOP;0;randomMeetingScheduling_1548912923939;0.0;infinity;PEAV;null;3;2;2;8;0.0;0;51;1810;32502;812;1;0;0
DPOP;0;randomMeetingScheduling_1548912924650;0.0;infinity;PEAV;null;3;2;3;8;0.0;0;35;18;4938;1168;2;0;0
P-DPOP;0;randomMeetingScheduling_1548912924650;0.0;infinity;PEAV;null;3;2;3;8;0.0;0;79;2713;48033;2334;2;0;0
DPOP;0;randomMeetingScheduling_1548912925552;0.0;infinity;PEAV;null;3;2;4;8;0.0;0;58;25;18322;6587;3;0;0
P-DPOP;0;randomMeetingScheduling_1548912925552;0.0;infinity;PEAV;null;3;2;4;8;0.0;0;145;3618;184882;110683;4;0;0
DPOP;0;randomMeetingScheduling_1548912926577;0.0;infinity;PEAV;null;3;2;5;8;0.0;0;44;22;10520;5691;3;0;0
P-DPOP;0;randomMeetingScheduling_1548912926577;0.0;infinity;PEAV;null;3;2;5;8;0.0;0;504;4521;918251;500490;5;0;0
DPOP;0;randomMeetingScheduling_1548912928101;0.0;infinity;PEAV;null;3;2;6;8;0.0;0;83;24;39370;34404;4;0;0
P-DPOP;1;randomMeetingScheduling_1548912928101;0.0;infinity;PEAV;null;3;2;6;8;0.0;9223372036854775807;9223372036854775807;2147483647;9223372036854775807;9223372036854775807;2147483647;NaN;NaN
DPOP;0;randomMeetingScheduling_1548913123505;0.0;infinity;PEAV;null;3;2;1;8;0.0;0;25;8;2000;463;1;0;0
P-DPOP;0;randomMeetingScheduling_1548913123505;0.0;infinity;PEAV;null;3;2;1;8;0.0;0;45;905;16223;810;1;0;0
DPOP;0;randomMeetingScheduling_1548913124147;0.0;infinity;PEAV;null;3;2;2;8;0.0;0;35;13;3527;1170;2;0;0
P-DPOP;0;randomMeetingScheduling_1548913124147;0.0;infinity;PEAV;null;3;2;2;8;0.0;0;55;1808;31854;2338;2;0;0
DPOP;0;randomMeetingScheduling_1548913124851;0.0;infinity;PEAV;null;3;2;3;8;0.0;0;37;18;4938;1170;2;0;0
P-DPOP;0;randomMeetingScheduling_1548913124851;0.0;infinity;PEAV;null;3;2;3;8;0.0;0;63;2713;48184;2335;2;0;0
DPOP;0;randomMeetingScheduling_1548913125680;0.0;infinity;PEAV;null;3;2;4;8;0.0;0;43;20;5858;1170;2;0;0
P-DPOP;0;randomMeetingScheduling_1548913125680;0.0;infinity;PEAV;null;3;2;4;8;0.0;0;135;3620;215895;88282;4;0;0
DPOP;0;randomMeetingScheduling_1548913126741;0.0;infinity;PEAV;null;3;2;5;8;0.0;0;77;24;56456;46052;4;0;0
P-DPOP;0;randomMeetingScheduling_1548913126741;0.0;infinity;PEAV;null;3;2;5;8;0.0;0;236;4519;100390;14380;3;0;0
DPOP;0;randomMeetingScheduling_1548913128034;0.0;infinity;PEAV;null;3;2;6;8;0.0;0;271;26;354171;314893;5;0;0
P-DPOP;1;randomMeetingScheduling_1548913128034;0.0;infinity;PEAV;null;3;2;6;8;0.0;9223372036854775807;9223372036854775807;2147483647;9223372036854775807;9223372036854775807;2147483647;NaN;NaN
DPOP;0;randomMeetingScheduling_1548913190904;0.0;infinity;PEAV;null;3;2;1;8;0.0;0;26;8;2000;463;1;0;0
P-DPOP;0;randomMeetingScheduling_1548913190904;0.0;infinity;PEAV;null;3;2;1;8;0.0;0;43;905;16219;808;1;0;0
DPOP;0;randomMeetingScheduling_1548913191529;0.0;infinity;PEAV;null;3;2;2;8;0.0;0;30;16;4014;465;1;0;0
P-DPOP;0;randomMeetingScheduling_1548913191529;0.0;infinity;PEAV;null;3;2;2;8;0.0;0;48;1810;32366;810;1;0;0
DPOP;0;randomMeetingScheduling_1548913192234;0.0;infinity;PEAV;null;3;2;3;8;0.0;0;31;18;4934;1168;2;0;0
P-DPOP;0;randomMeetingScheduling_1548913192234;0.0;infinity;PEAV;null;3;2;3;8;0.0;0;63;2715;50917;2427;2;0;0
DPOP;0;randomMeetingScheduling_1548913193176;0.0;infinity;PEAV;null;3;2;4;8;0.0;0;67;27;12894;5689;3;0;0
P-DPOP;0;randomMeetingScheduling_1548913193176;0.0;infinity;PEAV;null;3;2;4;8;0.0;0;132;3618;77189;11613;3;0;0
DPOP;0;randomMeetingScheduling_1548913194191;0.0;infinity;PEAV;null;3;2;5;8;0.0;0;59;22;10516;5689;3;0;0
P-DPOP;0;randomMeetingScheduling_1548913194191;0.0;infinity;PEAV;null;3;2;5;8;0.0;0;388;4519;87135;11625;3;0;0
DPOP;0;randomMeetingScheduling_1548913195574;0.0;infinity;PEAV;null;3;2;6;8;0.0;0;88;24;39372;34404;4;0;0
P-DPOP;0;randomMeetingScheduling_1548913195574;0.0;infinity;PEAV;null;3;2;6;8;0.0;0;1781;5424;4287144;4133815;6;0;0
DPOP;0;randomMeetingScheduling_1548913198795;0.0;infinity;PEAV;null;3;2;1;8;0.0;0;26;8;2000;463;1;0;0
P-DPOP;0;randomMeetingScheduling_1548913198795;0.0;infinity;PEAV;null;3;2;1;8;0.0;0;39;905;16277;812;1;0;0
DPOP;0;randomMeetingScheduling_1548913199439;0.0;infinity;PEAV;null;3;2;2;8;0.0;0;36;13;3531;1170;2;0;0
P-DPOP;0;randomMeetingScheduling_1548913199439;0.0;infinity;PEAV;null;3;2;2;8;0.0;0;55;1808;31913;2318;2;0;0
DPOP;0;randomMeetingScheduling_1548913200153;0.0;infinity;PEAV;null;3;2;3;8;0.0;0;28;18;4938;1170;2;0;0
P-DPOP;0;randomMeetingScheduling_1548913200153;0.0;infinity;PEAV;null;3;2;3;8;0.0;0;62;2715;71983;14319;3;0;0
DPOP;0;randomMeetingScheduling_1548913200987;0.0;infinity;PEAV;null;3;2;4;8;0.0;0;38;20;5858;1170;2;0;0
P-DPOP;0;randomMeetingScheduling_1548913200987;0.0;infinity;PEAV;null;3;2;4;8;0.0;0;199;3618;260822;110686;4;0;0
DPOP;0;randomMeetingScheduling_1548913202031;0.0;infinity;PEAV;null;3;2;5;8;0.0;0;83;22;38448;34404;4;0;0
P-DPOP;0;randomMeetingScheduling_1548913202031;0.0;infinity;PEAV;null;3;2;5;8;0.0;0;10431;4521;25005355;24598500;7;0;0
DPOP;0;randomMeetingScheduling_1548913215376;0.0;infinity;PEAV;null;3;2;6;8;0.0;0;282;34;363190;277261;5;0;0
P-DPOP;0;randomMeetingScheduling_1548913215376;0.0;infinity;PEAV;null;3;2;6;8;0.0;0;17726;5426;4399462;4133816;6;0;0
DPOP;0;randomMeetingScheduling_1548913236829;0.0;infinity;PEAV;null;3;2;1;8;0.0;0;25;8;2000;463;1;0;0
P-DPOP;0;randomMeetingScheduling_1548913236829;0.0;infinity;PEAV;null;3;2;1;8;0.0;0;38;905;16193;810;1;0;0
DPOP;0;randomMeetingScheduling_1548913237518;0.0;infinity;PEAV;null;3;2;2;8;0.0;0;25;16;4014;465;1;0;0
P-DPOP;0;randomMeetingScheduling_1548913237518;0.0;infinity;PEAV;null;3;2;2;8;0.0;0;48;1810;32288;811;1;0;0
DPOP;0;randomMeetingScheduling_1548913238182;0.0;infinity;PEAV;null;3;2;3;8;0.0;0;41;20;6725;1232;2;0;0
P-DPOP;0;randomMeetingScheduling_1548913238182;0.0;infinity;PEAV;null;3;2;3;8;0.0;0;61;2715;53544;2539;2;0;0
DPOP;0;randomMeetingScheduling_1548913239010;0.0;infinity;PEAV;null;3;2;4;8;0.0;0;59;25;18322;6587;3;0;0
P-DPOP;0;randomMeetingScheduling_1548913239010;0.0;infinity;PEAV;null;3;2;4;8;0.0;0;143;3620;187877;110683;4;0;0
DPOP;0;randomMeetingScheduling_1548913240078;0.0;infinity;PEAV;null;3;2;5;8;0.0;0;74;24;56456;46052;4;0;0
P-DPOP;0;randomMeetingScheduling_1548913240078;0.0;infinity;PEAV;null;3;2;5;8;0.0;0;1000;4521;5224246;5074615;6;0;0
DPOP;0;randomMeetingScheduling_1548913242689;0.0;infinity;PEAV;null;3;2;6;8;0.0;0;245;26;325436;314893;5;0;0
P-DPOP;0;randomMeetingScheduling_1548913242689;0.0;infinity;PEAV;null;3;2;6;8;0.0;0;23800;5424;29825264;24598501;7;0;0
DPOP;0;randomMeetingScheduling_1548913272542;0.0;infinity;PEAV;null;3;2;1;8;0.0;0;25;8;2002;465;1;0;0
P-DPOP;0;randomMeetingScheduling_1548913272542;0.0;infinity;PEAV;null;3;2;1;8;0.0;0;38;905;16217;812;1;0;0
DPOP;0;randomMeetingScheduling_1548913273164;0.0;infinity;PEAV;null;3;2;2;8;0.0;0;33;13;3527;1170;2;0;0
P-DPOP;0;randomMeetingScheduling_1548913273164;0.0;infinity;PEAV;null;3;2;2;8;0.0;0;61;1808;31840;2336;2;0;0
DPOP;0;randomMeetingScheduling_1548913273879;0.0;infinity;PEAV;null;3;2;3;8;0.0;0;61;17;9074;5689;3;0;0
P-DPOP;0;randomMeetingScheduling_1548913273879;0.0;infinity;PEAV;null;3;2;3;8;0.0;0;117;2711;55201;11612;3;0;0
DPOP;0;randomMeetingScheduling_1548913274776;0.0;infinity;PEAV;null;3;2;4;8;0.0;0;55;20;9596;5691;3;0;0
P-DPOP;0;randomMeetingScheduling_1548913274776;0.0;infinity;PEAV;null;3;2;4;8;0.0;0;151;3620;173304;99481;4;0;0
DPOP;0;randomMeetingScheduling_1548913275858;0.0;infinity;PEAV;null;3;2;5;8;0.0;0;253;25;226537;218125;5;0;0
P-DPOP;0;randomMeetingScheduling_1548913275858;0.0;infinity;PEAV;null;3;2;5;8;0.0;0;17218;4521;4637794;4133802;6;0;0
DPOP;0;randomMeetingScheduling_1548913295313;0.0;infinity;PEAV;null;3;2;6;8;0.0;0;511;38;341563;261133;5;0;0
P-DPOP;0;randomMeetingScheduling_1548913295313;0.0;infinity;PEAV;null;3;2;6;8;0.0;0;1371;5424;351038;99590;4;0;0
DPOP;0;randomMeetingScheduling_1548913299737;0.0;infinity;PEAV;null;3;2;1;8;0.0;0;25;8;2000;463;1;0;0
P-DPOP;0;randomMeetingScheduling_1548913299737;0.0;infinity;PEAV;null;3;2;1;8;0.0;0;42;905;16187;812;1;0;0
DPOP;0;randomMeetingScheduling_1548913300441;0.0;infinity;PEAV;null;3;2;2;8;0.0;0;29;16;4012;465;1;0;0
P-DPOP;0;randomMeetingScheduling_1548913300441;0.0;infinity;PEAV;null;3;2;2;8;0.0;0;48;1810;32400;812;1;0;0
DPOP;0;randomMeetingScheduling_1548913301138;0.0;infinity;PEAV;null;3;2;3;8;0.0;0;34;18;4938;1170;2;0;0
P-DPOP;0;randomMeetingScheduling_1548913301138;0.0;infinity;PEAV;null;3;2;3;8;0.0;0;62;2715;71914;14282;3;0;0
DPOP;0;randomMeetingScheduling_1548913301967;0.0;infinity;PEAV;null;3;2;4;8;0.0;0;39;20;5858;1170;2;0;0
P-DPOP;0;randomMeetingScheduling_1548913301967;0.0;infinity;PEAV;null;3;2;4;8;0.0;0;138;3620;215976;88286;4;0;0
DPOP;0;randomMeetingScheduling_1548913303075;0.0;infinity;PEAV;null;3;2;5;8;0.0;0;74;24;56454;46050;4;0;0
P-DPOP;0;randomMeetingScheduling_1548913303075;0.0;infinity;PEAV;null;3;2;5;8;0.0;0;630;4521;285472;99590;4;0;0
DPOP;0;randomMeetingScheduling_1548913304863;0.0;infinity;PEAV;null;3;2;6;8;0.0;0;242;26;325440;314893;5;0;0
P-DPOP;1;randomMeetingScheduling_1548913304863;0.0;infinity;PEAV;null;3;2;6;8;0.0;9223372036854775807;9223372036854775807;2147483647;9223372036854775807;9223372036854775807;2147483647;NaN;NaN
DPOP;0;randomMeetingScheduling_1548913390297;0.0;infinity;PEAV;null;3;2;1;8;0.0;0;27;8;2000;463;1;0;0
P-DPOP;0;randomMeetingScheduling_1548913390297;0.0;infinity;PEAV;null;3;2;1;8;0.0;0;38;905;16215;811;1;0;0
DPOP;0;randomMeetingScheduling_1548913390951;0.0;infinity;PEAV;null;3;2;2;8;0.0;0;25;16;4016;465;1;0;0
P-DPOP;0;randomMeetingScheduling_1548913390951;0.0;infinity;PEAV;null;3;2;2;8;0.0;0;47;1810;32358;813;1;0;0
DPOP;0;randomMeetingScheduling_1548913391630;0.0;infinity;PEAV;null;3;2;3;8;0.0;0;61;17;9074;5689;3;0;0
P-DPOP;0;randomMeetingScheduling_1548913391630;0.0;infinity;PEAV;null;3;2;3;8;0.0;0;132;2713;58106;11519;3;0;0
DPOP;0;randomMeetingScheduling_1548913392554;0.0;infinity;PEAV;null;3;2;4;8;0.0;0;68;25;12727;5691;3;0;0
P-DPOP;0;randomMeetingScheduling_1548913392554;0.0;infinity;PEAV;null;3;2;4;8;0.0;0;157;3616;76931;14416;3;0;0
DPOP;0;randomMeetingScheduling_1548913393563;0.0;infinity;PEAV;null;3;2;5;8;0.0;0;85;25;56518;46052;4;0;0
P-DPOP;0;randomMeetingScheduling_1548913393563;0.0;infinity;PEAV;null;3;2;5;8;0.0;0;734;4521;832210;634968;5;0;0
DPOP;0;randomMeetingScheduling_1548913395519;0.0;infinity;PEAV;null;3;2;6;8;0.0;0;300;26;354169;314891;5;0;0
P-DPOP;0;randomMeetingScheduling_1548913395519;0.0;infinity;PEAV;null;3;2;6;8;0.0;0;9209;5426;25497056;24598493;7;0;0
DPOP;0;randomMeetingScheduling_1548913410750;0.0;infinity;PEAV;null;3;2;1;8;0.0;0;24;8;2000;463;1;0;0
P-DPOP;0;randomMeetingScheduling_1548913410750;0.0;infinity;PEAV;null;3;2;1;8;0.0;0;39;905;16189;813;1;0;0
DPOP;0;randomMeetingScheduling_1548913411391;0.0;infinity;PEAV;null;3;2;2;8;0.0;0;29;16;4012;465;1;0;0
P-DPOP;0;randomMeetingScheduling_1548913411391;0.0;infinity;PEAV;null;3;2;2;8;0.0;0;46;1810;32468;815;1;0;0
DPOP;0;randomMeetingScheduling_1548913412110;0.0;infinity;PEAV;null;3;2;3;8;0.0;0;37;18;4934;1168;2;0;0
P-DPOP;0;randomMeetingScheduling_1548913412110;0.0;infinity;PEAV;null;3;2;3;8;0.0;0;59;2713;48293;2334;2;0;0
DPOP;0;randomMeetingScheduling_1548913412914;0.0;infinity;PEAV;null;3;2;4;8;0.0;0;40;20;9600;5691;3;0;0
P-DPOP;0;randomMeetingScheduling_1548913412914;0.0;infinity;PEAV;null;3;2;4;8;0.0;0;203;3618;137639;63069;4;0;0
DPOP;0;randomMeetingScheduling_1548913413926;0.0;infinity;PEAV;null;3;2;5;8;0.0;0;72;24;56458;46052;4;0;0
P-DPOP;0;randomMeetingScheduling_1548913413926;0.0;infinity;PEAV;null;3;2;5;8;0.0;0;278;4521;735624;634890;5;0;0
DPOP;0;randomMeetingScheduling_1548913415594;0.0;infinity;PEAV;null;3;2;6;8;0.0;0;572;42;341820;261133;5;0;0
P-DPOP;0;randomMeetingScheduling_1548913415594;0.0;infinity;PEAV;null;3;2;6;8;0.0;0;39558;5426;10099012;5701812;6;0;0
DPOP;0;randomMeetingScheduling_1548913459089;0.0;infinity;PEAV;null;3;2;1;8;0.0;0;26;8;2000;463;1;0;0
P-DPOP;0;randomMeetingScheduling_1548913459089;0.0;infinity;PEAV;null;3;2;1;8;0.0;0;39;905;16179;813;1;0;0
DPOP;0;randomMeetingScheduling_1548913459731;0.0;infinity;PEAV;null;3;2;2;8;0.0;0;32;16;4012;463;1;0;0
P-DPOP;0;randomMeetingScheduling_1548913459731;0.0;infinity;PEAV;null;3;2;2;8;0.0;0;48;1810;32490;812;1;0;0
DPOP;0;randomMeetingScheduling_1548913460442;0.0;infinity;PEAV;null;3;2;3;8;0.0;0;35;18;4940;1170;2;0;0
P-DPOP;0;randomMeetingScheduling_1548913460442;0.0;infinity;PEAV;null;3;2;3;8;0.0;0;64;2713;48027;2338;2;0;0
DPOP;0;randomMeetingScheduling_1548913461228;0.0;infinity;PEAV;null;3;2;4;8;0.0;0;43;20;5858;1170;2;0;0
P-DPOP;0;randomMeetingScheduling_1548913461228;0.0;infinity;PEAV;null;3;2;4;8;0.0;0;200;3616;63846;2338;2;0;0
DPOP;0;randomMeetingScheduling_1548913462286;0.0;infinity;PEAV;null;3;2;5;8;0.0;0;82;24;56460;46052;4;0;0
P-DPOP;0;randomMeetingScheduling_1548913462286;0.0;infinity;PEAV;null;3;2;5;8;0.0;0;1382;4521;5848016;5074720;6;0;0
DPOP;0;randomMeetingScheduling_1548913465200;0.0;infinity;PEAV;null;3;2;6;8;0.0;0;301;26;354169;314891;5;0;0
P-DPOP;0;randomMeetingScheduling_1548913465200;0.0;infinity;PEAV;null;3;2;6;8;0.0;0;1278;5422;188625;88389;4;0;0
DPOP;0;randomMeetingScheduling_1548913470241;0.0;infinity;PEAV;null;3;2;1;8;0.0;0;25;8;2000;463;1;0;0
P-DPOP;0;randomMeetingScheduling_1548913470241;0.0;infinity;PEAV;null;3;2;1;8;0.0;0;39;905;16163;810;1;0;0
DPOP;0;randomMeetingScheduling_1548913470883;0.0;infinity;PEAV;null;3;2;2;8;0.0;0;34;13;3527;1170;2;0;0
P-DPOP;0;randomMeetingScheduling_1548913470883;0.0;infinity;PEAV;null;3;2;2;8;0.0;0;54;1810;34695;2425;2;0;0
DPOP;0;randomMeetingScheduling_1548913471574;0.0;infinity;PEAV;null;3;2;3;8;0.0;0;35;18;4934;1166;2;0;0
P-DPOP;0;randomMeetingScheduling_1548913471574;0.0;infinity;PEAV;null;3;2;3;8;0.0;0;59;2715;50871;2425;2;0;0
DPOP;0;randomMeetingScheduling_1548913472435;0.0;infinity;PEAV;null;3;2;4;8;0.0;0;44;20;9592;5691;3;0;0
P-DPOP;0;randomMeetingScheduling_1548913472435;0.0;infinity;PEAV;null;3;2;4;8;0.0;0;236;3618;74269;11520;3;0;0
DPOP;0;randomMeetingScheduling_1548913473597;0.0;infinity;PEAV;null;3;2;5;8;0.0;0;113;27;46192;34404;4;0;0
P-DPOP;0;randomMeetingScheduling_1548913473597;0.0;infinity;PEAV;null;3;2;5;8;0.0;0;566;4519;140337;63184;4;0;0
DPOP;0;randomMeetingScheduling_1548913475173;0.0;infinity;PEAV;null;3;2;6;8;0.0;0;67;24;15176;5689;3;0;0
P-DPOP;0;randomMeetingScheduling_1548913475173;0.0;infinity;PEAV;null;3;2;6;8;0.0;0;7608;5426;21812237;19894501;7;0;0
DPOP;0;randomMeetingScheduling_1548913485408;0.0;infinity;PEAV;null;3;2;1;8;0.0;0;25;8;2000;463;1;0;0
P-DPOP;0;randomMeetingScheduling_1548913485408;0.0;infinity;PEAV;null;3;2;1;8;0.0;0;41;905;16181;809;1;0;0
DPOP;0;randomMeetingScheduling_1548913486096;0.0;infinity;PEAV;null;3;2;2;8;0.0;0;30;16;4014;465;1;0;0
P-DPOP;0;randomMeetingScheduling_1548913486096;0.0;infinity;PEAV;null;3;2;2;8;0.0;0;52;1810;32468;813;1;0;0
DPOP;0;randomMeetingScheduling_1548913486792;0.0;infinity;PEAV;null;3;2;3;8;0.0;0;32;18;4934;1168;2;0;0
P-DPOP;0;randomMeetingScheduling_1548913486792;0.0;infinity;PEAV;null;3;2;3;8;0.0;0;85;2713;48187;2339;2;0;0
DPOP;0;randomMeetingScheduling_1548913487667;0.0;infinity;PEAV;null;3;2;4;8;0.0;0;32;20;5860;1170;2;0;0
P-DPOP;0;randomMeetingScheduling_1548913487667;0.0;infinity;PEAV;null;3;2;4;8;0.0;0;202;3618;260823;110685;4;0;0
DPOP;0;randomMeetingScheduling_1548913488764;0.0;infinity;PEAV;null;3;2;5;8;0.0;0;54;22;10518;5689;3;0;0
P-DPOP;0;randomMeetingScheduling_1548913488764;0.0;infinity;PEAV;null;3;2;5;8;0.0;0;735;4519;87108;11619;3;0;0
